--
-- File generated with SQLiteStudio v3.2.1 on qua abr 10 08:51:05 2019
--
-- Text encoding used: System
--
PRAGMA foreign_keys = on;
BEGIN TRANSACTION;

-- Table: Pessoa
INSERT INTO Pessoa (
                       idPessoa,
                       nome,
                       dataNascimento,
                       morada,
                       telefone
                   )
                   VALUES (
                       70653,
                       'Eduardo Carreira Ribeiro',
                       '2000-04-04',
                       'Porto, Rua Calouste Gulbenkian 169 ',
                       969533131
                   );

INSERT INTO Pessoa (
                       idPessoa,
                       nome,
                       dataNascimento,
                       morada,
                       telefone
                   )
                   VALUES (
                       74014,
                       'Maria do Carmo Andrade',
                       '1990-01-02',
                       'Lisboa, Rua do Carmo 89',
                       960067412
                   );

INSERT INTO Pessoa (
                       idPessoa,
                       nome,
                       dataNascimento,
                       morada,
                       telefone
                   )
                   VALUES (
                       74717,
                       'Bernardo Carvalho Ramos Pereira',
                       '1989-04-04',
                       'Viana do Castelo, Praca da Erva 17',
                       912742214
                   );

INSERT INTO Pessoa (
                       idPessoa,
                       nome,
                       dataNascimento,
                       morada,
                       telefone
                   )
                   VALUES (
                       76582,
                       'Gustavo Esteves Caseiro Mendes de Freitas',
                       '1996-10-08',
                       NULL,
                       962180477
                   );

INSERT INTO Pessoa (
                       idPessoa,
                       nome,
                       dataNascimento,
                       morada,
                       telefone
                   )
                   VALUES (
                       76624,
                       'Luisa Moreira',
                       '1978-12-12',
                       'Porto, Rua Calouste Gulbenkian 169',
                       967530539
                   );

INSERT INTO Pessoa (
                       idPessoa,
                       nome,
                       dataNascimento,
                       morada,
                       telefone
                   )
                   VALUES (
                       77138,
                       'Leonor Reis Campos',
                       '1995-12-09',
                       'Valongo, Avenida Primeiro de Maio, 271',
                       917297510
                   );

INSERT INTO Pessoa (
                       idPessoa,
                       nome,
                       dataNascimento,
                       morada,
                       telefone
                   )
                   VALUES (
                       79184,
                       'Filipa Lemos da Silva',
                       '1991-05-28',
                       'Lisboa, Rua do Ouro 19',
                       961378190
                   );

INSERT INTO Pessoa (
                       idPessoa,
                       nome,
                       dataNascimento,
                       morada,
                       telefone
                   )
                   VALUES (
                       79574,
                       'Antonio Silveira Santos',
                       '1975-05-12',
                       NULL,
                       969577189
                   );

INSERT INTO Pessoa (
                       idPessoa,
                       nome,
                       dataNascimento,
                       morada,
                       telefone
                   )
                   VALUES (
                       79765,
                       'Diogo Machado Ramos',
                       '1977-10-19',
                       NULL,
                       962840174
                   );

INSERT INTO Pessoa (
                       idPessoa,
                       nome,
                       dataNascimento,
                       morada,
                       telefone
                   )
                   VALUES (
                       80872,
                       'Beatriz Mafalda Nazareth Almeida',
                       '1999-05-24',
                       'Vila Nova de Gaia, Alameda do Cedro 189',
                       918371099
                   );

INSERT INTO Pessoa (
                       idPessoa,
                       nome,
                       dataNascimento,
                       morada,
                       telefone
                   )
                   VALUES (
                       80876,
                       'Zacarias Andrade',
                       '1949-02-10',
                       NULL,
                       968219888
                   );

INSERT INTO Pessoa (
                       idPessoa,
                       nome,
                       dataNascimento,
                       morada,
                       telefone
                   )
                   VALUES (
                       81238,
                       'Francisco Jose Paiva Goncalves',
                       '1999-10-14',
                       'Vila Nova de Gaia, Avenida Afonso Domingues 345',
                       912368192
                   );

INSERT INTO Pessoa (
                       idPessoa,
                       nome,
                       dataNascimento,
                       morada,
                       telefone
                   )
                   VALUES (
                       81823,
                       'Ana Rita Rodrigues da Silva',
                       '1999-04-01',
                       NULL,
                       917391331
                   );

INSERT INTO Pessoa (
                       idPessoa,
                       nome,
                       dataNascimento,
                       morada,
                       telefone
                   )
                   VALUES (
                       82913,
                       'Jorge Alves Antunes',
                       '1998-04-05',
                       NULL,
                       919383131
                   );

INSERT INTO Pessoa (
                       idPessoa,
                       nome,
                       dataNascimento,
                       morada,
                       telefone
                   )
                   VALUES (
                       84719,
                       'Joana Filipa Costa',
                       '1989-07-27',
                       'Porto, Rua Julio Dinis 57',
                       962791600
                   );

INSERT INTO Pessoa (
                       idPessoa,
                       nome,
                       dataNascimento,
                       morada,
                       telefone
                   )
                   VALUES (
                       84819,
                       'Sandra Mafalda Matos',
                       '1996-08-16',
                       NULL,
                       917281931
                   );

INSERT INTO Pessoa (
                       idPessoa,
                       nome,
                       dataNascimento,
                       morada,
                       telefone
                   )
                   VALUES (
                       85162,
                       'Fabio Andrade Carvalho',
                       '2001-05-24',
                       NULL,
                       910829121
                   );

INSERT INTO Pessoa (
                       idPessoa,
                       nome,
                       dataNascimento,
                       morada,
                       telefone
                   )
                   VALUES (
                       86177,
                       'Maria Luisa Soares Silva',
                       '1992-11-19',
                       'Lisboa, Avenida Fontes Pereira de Melo 189',
                       963819341
                   );

INSERT INTO Pessoa (
                       idPessoa,
                       nome,
                       dataNascimento,
                       morada,
                       telefone
                   )
                   VALUES (
                       89121,
                       'Abilio Eduardo Soares Ribeiro',
                       '1967-04-10',
                       'Porto, Rua Calouste Gulbenkian 169',
                       917283013
                   );

INSERT INTO Pessoa (
                       idPessoa,
                       nome,
                       dataNascimento,
                       morada,
                       telefone
                   )
                   VALUES (
                       89182,
                       'Mario Antunes Carvalhal',
                       '2000-01-02',
                       'Lisboa, Avenida Fontes Pereira de Melo 190',
                       912371900
                   );


-- Table: Horario
INSERT INTO Horario (
                        idHorario,
                        diaSemana,
                        horaInicio,
                        horaFim
                    )
                    VALUES (
                        1,
                        'SEGUNDA-FEIRA',
                        '09:00',
                        '17:00'
                    );

INSERT INTO Horario (
                        idHorario,
                        diaSemana,
                        horaInicio,
                        horaFim
                    )
                    VALUES (
                        2,
                        'SEGUNDA-FEIRA',
                        '10:30',
                        '13:15'
                    );

INSERT INTO Horario (
                        idHorario,
                        diaSemana,
                        horaInicio,
                        horaFim
                    )
                    VALUES (
                        3,
                        'SEGUNDA-FEIRA',
                        '17:45',
                        '20:15'
                    );

INSERT INTO Horario (
                        idHorario,
                        diaSemana,
                        horaInicio,
                        horaFim
                    )
                    VALUES (
                        4,
                        'TERCA-FEIRA',
                        '09:15',
                        '19:30'
                    );

INSERT INTO Horario (
                        idHorario,
                        diaSemana,
                        horaInicio,
                        horaFim
                    )
                    VALUES (
                        5,
                        'QUARTA-FEIRA',
                        '14:00',
                        '16:15'
                    );

INSERT INTO Horario (
                        idHorario,
                        diaSemana,
                        horaInicio,
                        horaFim
                    )
                    VALUES (
                        6,
                        'QUINTA-FEIRA',
                        '07:30',
                        '11:30'
                    );

INSERT INTO Horario (
                        idHorario,
                        diaSemana,
                        horaInicio,
                        horaFim
                    )
                    VALUES (
                        7,
                        'QUINTA-FEIRA',
                        '12:30',
                        '18:30'
                    );

INSERT INTO Horario (
                        idHorario,
                        diaSemana,
                        horaInicio,
                        horaFim
                    )
                    VALUES (
                        8,
                        'SEXTA-FEIRA',
                        '08:00',
                        '17:00'
                    );

INSERT INTO Horario (
                        idHorario,
                        diaSemana,
                        horaInicio,
                        horaFim
                    )
                    VALUES (
                        9,
                        'SABADO',
                        '07:00',
                        '15:30'
                    );

INSERT INTO Horario (
                        idHorario,
                        diaSemana,
                        horaInicio,
                        horaFim
                    )
                    VALUES (
                        10,
                        'SABADO',
                        '16:00',
                        '17:30'
                    );


-- Table: Funcionario
INSERT INTO Funcionario (
                            idPessoa,
                            salario,
                            dataContratacao
                        )
                        VALUES (
                            70653,
                            712.9,
                            '2019-01-23'
                        );

INSERT INTO Funcionario (
                            idPessoa,
                            salario,
                            dataContratacao
                        )
                        VALUES (
                            74014,
                            1004.1,
                            '2008-05-23'
                        );

INSERT INTO Funcionario (
                            idPessoa,
                            salario,
                            dataContratacao
                        )
                        VALUES (
                            74717,
                            891,
                            '2015-04-04'
                        );

INSERT INTO Funcionario (
                            idPessoa,
                            salario,
                            dataContratacao
                        )
                        VALUES (
                            76582,
                            745.2,
                            '2007-09-29'
                        );

INSERT INTO Funcionario (
                            idPessoa,
                            salario,
                            dataContratacao
                        )
                        VALUES (
                            76624,
                            1202.3,
                            '2004-09-10'
                        );

INSERT INTO Funcionario (
                            idPessoa,
                            salario,
                            dataContratacao
                        )
                        VALUES (
                            77138,
                            684.5,
                            '2015-07-20'
                        );

INSERT INTO Funcionario (
                            idPessoa,
                            salario,
                            dataContratacao
                        )
                        VALUES (
                            79184,
                            819.7,
                            '2010-10-12'
                        );

INSERT INTO Funcionario (
                            idPessoa,
                            salario,
                            dataContratacao
                        )
                        VALUES (
                            79574,
                            945.8,
                            '2013-04-21'
                        );

INSERT INTO Funcionario (
                            idPessoa,
                            salario,
                            dataContratacao
                        )
                        VALUES (
                            79765,
                            690,
                            '2016-05-06'
                        );

INSERT INTO Funcionario (
                            idPessoa,
                            salario,
                            dataContratacao
                        )
                        VALUES (
                            80872,
                            569.1,
                            '2018-06-09'
                        );

INSERT INTO Funcionario (
                            idPessoa,
                            salario,
                            dataContratacao
                        )
                        VALUES (
                            81238,
                            580.6,
                            '2017-06-06'
                        );

INSERT INTO Funcionario (
                            idPessoa,
                            salario,
                            dataContratacao
                        )
                        VALUES (
                            81823,
                            890.3,
                            '2015-03-19'
                        );

INSERT INTO Funcionario (
                            idPessoa,
                            salario,
                            dataContratacao
                        )
                        VALUES (
                            82913,
                            879.4,
                            '2017-05-29'
                        );

INSERT INTO Funcionario (
                            idPessoa,
                            salario,
                            dataContratacao
                        )
                        VALUES (
                            84719,
                            972.2,
                            '2013-12-17'
                        );


-- Table: Loja
INSERT INTO Loja (
                     idLoja,
                     local,
                     telefone,
                     idGerente
                 )
                 VALUES (
                     71231,
                     'Porto, Avenida da Franca 189',
                     228561391,
                     79574
                 );

INSERT INTO Loja (
                     idLoja,
                     local,
                     telefone,
                     idGerente
                 )
                 VALUES (
                     71931,
                     'Lisboa, Rua do Carmo 71',
                     216491121,
                     74014
                 );

INSERT INTO Loja (
                     idLoja,
                     local,
                     telefone,
                     idGerente
                 )
                 VALUES (
                     75621,
                     'Lisboa, Rua da Prata 11',
                     217401766,
                     79184
                 );

INSERT INTO Loja (
                     idLoja,
                     local,
                     telefone,
                     idGerente
                 )
                 VALUES (
                     76423,
                     'Porto, Rua Faria Guimaraes 761',
                     225687147,
                     76624
                 );

INSERT INTO Loja (
                     idLoja,
                     local,
                     telefone,
                     idGerente
                 )
                 VALUES (
                     76452,
                     'Porto, Rua Julio Dinis 254',
                     224600163,
                     76582
                 );

INSERT INTO Loja (
                     idLoja,
                     local,
                     telefone,
                     idGerente
                 )
                 VALUES (
                     80121,
                     'Viana do Castelo, Praca da Erva 62',
                     258619146,
                     74717
                 );


-- Table: LojaFuncionario
INSERT INTO LojaFuncionario (
                                idFuncionario,
                                idLoja
                            )
                            VALUES (
                                70653,
                                80121
                            );

INSERT INTO LojaFuncionario (
                                idFuncionario,
                                idLoja
                            )
                            VALUES (
                                74014,
                                71931
                            );

INSERT INTO LojaFuncionario (
                                idFuncionario,
                                idLoja
                            )
                            VALUES (
                                74717,
                                80121
                            );

INSERT INTO LojaFuncionario (
                                idFuncionario,
                                idLoja
                            )
                            VALUES (
                                76582,
                                76452
                            );

INSERT INTO LojaFuncionario (
                                idFuncionario,
                                idLoja
                            )
                            VALUES (
                                76624,
                                76423
                            );

INSERT INTO LojaFuncionario (
                                idFuncionario,
                                idLoja
                            )
                            VALUES (
                                77138,
                                71231
                            );

INSERT INTO LojaFuncionario (
                                idFuncionario,
                                idLoja
                            )
                            VALUES (
                                79184,
                                75621
                            );

INSERT INTO LojaFuncionario (
                                idFuncionario,
                                idLoja
                            )
                            VALUES (
                                79574,
                                71231
                            );

INSERT INTO LojaFuncionario (
                                idFuncionario,
                                idLoja
                            )
                            VALUES (
                                79765,
                                71231
                            );

INSERT INTO LojaFuncionario (
                                idFuncionario,
                                idLoja
                            )
                            VALUES (
                                80872,
                                76423
                            );

INSERT INTO LojaFuncionario (
                                idFuncionario,
                                idLoja
                            )
                            VALUES (
                                81238,
                                76452
                            );

INSERT INTO LojaFuncionario (
                                idFuncionario,
                                idLoja
                            )
                            VALUES (
                                81823,
                                71931
                            );

INSERT INTO LojaFuncionario (
                                idFuncionario,
                                idLoja
                            )
                            VALUES (
                                82913,
                                75621
                            );

INSERT INTO LojaFuncionario (
                                idFuncionario,
                                idLoja
                            )
                            VALUES (
                                84719,
                                80121
                            );


-- Table: Cliente
INSERT INTO Cliente (
                        idPessoa,
                        dataAdesao
                    )
                    VALUES (
                        80876,
                        '2011-10-10'
                    );

INSERT INTO Cliente (
                        idPessoa,
                        dataAdesao
                    )
                    VALUES (
                        84819,
                        '2017-03-03'
                    );

INSERT INTO Cliente (
                        idPessoa,
                        dataAdesao
                    )
                    VALUES (
                        85162,
                        '2013-04-04'
                    );

INSERT INTO Cliente (
                        idPessoa,
                        dataAdesao
                    )
                    VALUES (
                        86177,
                        '2017-12-02'
                    );

INSERT INTO Cliente (
                        idPessoa,
                        dataAdesao
                    )
                    VALUES (
                        89121,
                        '2010-01-23'
                    );

INSERT INTO Cliente (
                        idPessoa,
                        dataAdesao
                    )
                    VALUES (
                        89182,
                        '2004-06-29'
                    );


-- Table: ClienteGold
INSERT INTO ClienteGold (
                            idCliente,
                            dataSubscricao
                        )
                        VALUES (
                            80876,
                            '2013-03-10'
                        );

INSERT INTO ClienteGold (
                            idCliente,
                            dataSubscricao
                        )
                        VALUES (
                            85162,
                            '2015-01-03'
                        );


-- Table: ClienteSilver
INSERT INTO ClienteSilver (
                              idCliente,
                              dataSubscricao
                          )
                          VALUES (
                              89182,
                              '2011-03-09'
                          );


-- Table: Colecao
INSERT INTO Colecao (
                        idColecao,
                        nome,
                        tempoDuracao,
                        numFilmes,
                        preco
                    )
                    VALUES (
                        11,
                        'Harry Potter',
                        '1179',
                        8,
                        32.9
                    );

INSERT INTO Colecao (
                        idColecao,
                        nome,
                        tempoDuracao,
                        numFilmes,
                        preco
                    )
                    VALUES (
                        12,
                        'O Padrinho',
                        '550',
                        3,
                        12.9
                    );


-- Table: Filme
INSERT INTO Filme (
                      idFilme,
                      nome,
                      genero,
                      duracao,
                      idioma,
                      anoLancamento,
                      preco,
                      idColecao
                  )
                  VALUES (
                      122,
                      'Harry Potter e o Calice de Fogo',
                      'FANTASIA',
                      157,
                      'EN',
                      2005,
                      4.5,
                      11
                  );

INSERT INTO Filme (
                      idFilme,
                      nome,
                      genero,
                      duracao,
                      idioma,
                      anoLancamento,
                      preco,
                      idColecao
                  )
                  VALUES (
                      123,
                      'Harry Potter e a Pedra Filosofal',
                      'FANTASIA',
                      152,
                      'EN',
                      2001,
                      4.1,
                      11
                  );

INSERT INTO Filme (
                      idFilme,
                      nome,
                      genero,
                      duracao,
                      idioma,
                      anoLancamento,
                      preco,
                      idColecao
                  )
                  VALUES (
                      131,
                      'Harry Potter e a Ordem da Fenix',
                      'FANTASIA',
                      138,
                      'EN',
                      2007,
                      4.2,
                      11
                  );

INSERT INTO Filme (
                      idFilme,
                      nome,
                      genero,
                      duracao,
                      idioma,
                      anoLancamento,
                      preco,
                      idColecao
                  )
                  VALUES (
                      135,
                      'Harry Potter e a Camara dos Segredos',
                      'FANTASIA',
                      161,
                      'EN',
                      2002,
                      4.5,
                      11
                  );

INSERT INTO Filme (
                      idFilme,
                      nome,
                      genero,
                      duracao,
                      idioma,
                      anoLancamento,
                      preco,
                      idColecao
                  )
                  VALUES (
                      156,
                      'Harry Potter e o Prisioneiro de Azkaban',
                      'FANTASIA',
                      142,
                      'EN',
                      2004,
                      3.9,
                      11
                  );

INSERT INTO Filme (
                      idFilme,
                      nome,
                      genero,
                      duracao,
                      idioma,
                      anoLancamento,
                      preco,
                      idColecao
                  )
                  VALUES (
                      157,
                      'Harry Potter e o Principe Misterioso',
                      'FANTASIA',
                      153,
                      'EN',
                      2009,
                      3.2,
                      11
                  );

INSERT INTO Filme (
                      idFilme,
                      nome,
                      genero,
                      duracao,
                      idioma,
                      anoLancamento,
                      preco,
                      idColecao
                  )
                  VALUES (
                      177,
                      'Harry Potter e os Talismas da Morte: Parte 1',
                      'FANTASIA',
                      146,
                      'EN',
                      2010,
                      4.2,
                      11
                  );

INSERT INTO Filme (
                      idFilme,
                      nome,
                      genero,
                      duracao,
                      idioma,
                      anoLancamento,
                      preco,
                      idColecao
                  )
                  VALUES (
                      181,
                      'Harry Potter e os Talismas da Morte: Parte 2',
                      'FANTASIA',
                      130,
                      'EN',
                      2011,
                      4.3,
                      11
                  );

INSERT INTO Filme (
                      idFilme,
                      nome,
                      genero,
                      duracao,
                      idioma,
                      anoLancamento,
                      preco,
                      idColecao
                  )
                  VALUES (
                      210,
                      'O Padrinho',
                      'ACAO',
                      178,
                      'EN',
                      1972,
                      4.5,
                      12
                  );

INSERT INTO Filme (
                      idFilme,
                      nome,
                      genero,
                      duracao,
                      idioma,
                      anoLancamento,
                      preco,
                      idColecao
                  )
                  VALUES (
                      213,
                      'O Padrinho: Parte 2',
                      'ACAO',
                      202,
                      'EN',
                      1974,
                      4.2,
                      12
                  );

INSERT INTO Filme (
                      idFilme,
                      nome,
                      genero,
                      duracao,
                      idioma,
                      anoLancamento,
                      preco,
                      idColecao
                  )
                  VALUES (
                      216,
                      'O Padrinho: Parte 3',
                      'ACAO',
                      170,
                      'EN',
                      1990,
                      4.2,
                      12
                  );

INSERT INTO Filme (
                      idFilme,
                      nome,
                      genero,
                      duracao,
                      idioma,
                      anoLancamento,
                      preco,
                      idColecao
                  )
                  VALUES (
                      271,
                      'Pulp Fiction',
                      'ACAO',
                      178,
                      'EN',
                      1994,
                      5.2,
                      NULL
                  );

INSERT INTO Filme (
                      idFilme,
                      nome,
                      genero,
                      duracao,
                      idioma,
                      anoLancamento,
                      preco,
                      idColecao
                  )
                  VALUES (
                      312,
                      'Uns e os Outros',
                      'DRAMA',
                      184,
                      'FR',
                      1981,
                      3.9,
                      NULL
                  );

INSERT INTO Filme (
                      idFilme,
                      nome,
                      genero,
                      duracao,
                      idioma,
                      anoLancamento,
                      preco,
                      idColecao
                  )
                  VALUES (
                      345,
                      'Os Sete Samurais',
                      'ACAO',
                      207,
                      'JP',
                      1954,
                      3.2,
                      NULL
                  );


-- Table: HorarioFunc
INSERT INTO HorarioFunc (
                            idFuncionario,
                            idHorario
                        )
                        VALUES (
                            70653,
                            1
                        );

INSERT INTO HorarioFunc (
                            idFuncionario,
                            idHorario
                        )
                        VALUES (
                            84719,
                            4
                        );

INSERT INTO HorarioFunc (
                            idFuncionario,
                            idHorario
                        )
                        VALUES (
                            74717,
                            4
                        );

INSERT INTO HorarioFunc (
                            idFuncionario,
                            idHorario
                        )
                        VALUES (
                            74717,
                            7
                        );

INSERT INTO HorarioFunc (
                            idFuncionario,
                            idHorario
                        )
                        VALUES (
                            70653,
                            9
                        );

INSERT INTO HorarioFunc (
                            idFuncionario,
                            idHorario
                        )
                        VALUES (
                            77138,
                            9
                        );

INSERT INTO HorarioFunc (
                            idFuncionario,
                            idHorario
                        )
                        VALUES (
                            77138,
                            8
                        );

INSERT INTO HorarioFunc (
                            idFuncionario,
                            idHorario
                        )
                        VALUES (
                            77138,
                            1
                        );

INSERT INTO HorarioFunc (
                            idFuncionario,
                            idHorario
                        )
                        VALUES (
                            79574,
                            4
                        );

INSERT INTO HorarioFunc (
                            idFuncionario,
                            idHorario
                        )
                        VALUES (
                            79574,
                            3
                        );

INSERT INTO HorarioFunc (
                            idFuncionario,
                            idHorario
                        )
                        VALUES (
                            79765,
                            9
                        );

INSERT INTO HorarioFunc (
                            idFuncionario,
                            idHorario
                        )
                        VALUES (
                            74014,
                            5
                        );

INSERT INTO HorarioFunc (
                            idFuncionario,
                            idHorario
                        )
                        VALUES (
                            74014,
                            3
                        );

INSERT INTO HorarioFunc (
                            idFuncionario,
                            idHorario
                        )
                        VALUES (
                            74014,
                            2
                        );

INSERT INTO HorarioFunc (
                            idFuncionario,
                            idHorario
                        )
                        VALUES (
                            81823,
                            8
                        );

INSERT INTO HorarioFunc (
                            idFuncionario,
                            idHorario
                        )
                        VALUES (
                            81823,
                            4
                        );

INSERT INTO HorarioFunc (
                            idFuncionario,
                            idHorario
                        )
                        VALUES (
                            81823,
                            6
                        );

INSERT INTO HorarioFunc (
                            idFuncionario,
                            idHorario
                        )
                        VALUES (
                            76624,
                            1
                        );

INSERT INTO HorarioFunc (
                            idFuncionario,
                            idHorario
                        )
                        VALUES (
                            82913,
                            7
                        );

INSERT INTO HorarioFunc (
                            idFuncionario,
                            idHorario
                        )
                        VALUES (
                            79184,
                            7
                        );

INSERT INTO HorarioFunc (
                            idFuncionario,
                            idHorario
                        )
                        VALUES (
                            79184,
                            4
                        );

INSERT INTO HorarioFunc (
                            idFuncionario,
                            idHorario
                        )
                        VALUES (
                            79184,
                            1
                        );

INSERT INTO HorarioFunc (
                            idFuncionario,
                            idHorario
                        )
                        VALUES (
                            80872,
                            7
                        );

INSERT INTO HorarioFunc (
                            idFuncionario,
                            idHorario
                        )
                        VALUES (
                            80872,
                            4
                        );

INSERT INTO HorarioFunc (
                            idFuncionario,
                            idHorario
                        )
                        VALUES (
                            76624,
                            10
                        );

INSERT INTO HorarioFunc (
                            idFuncionario,
                            idHorario
                        )
                        VALUES (
                            81238,
                            9
                        );

INSERT INTO HorarioFunc (
                            idFuncionario,
                            idHorario
                        )
                        VALUES (
                            81238,
                            7
                        );

INSERT INTO HorarioFunc (
                            idFuncionario,
                            idHorario
                        )
                        VALUES (
                            76582,
                            7
                        );

INSERT INTO HorarioFunc (
                            idFuncionario,
                            idHorario
                        )
                        VALUES (
                            76582,
                            4
                        );

INSERT INTO HorarioFunc (
                            idFuncionario,
                            idHorario
                        )
                        VALUES (
                            76582,
                            1
                        );


-- Table: HorarioLoja
INSERT INTO HorarioLoja (
                            idLoja,
                            idHorario
                        )
                        VALUES (
                            71231,
                            9
                        );

INSERT INTO HorarioLoja (
                            idLoja,
                            idHorario
                        )
                        VALUES (
                            71231,
                            8
                        );

INSERT INTO HorarioLoja (
                            idLoja,
                            idHorario
                        )
                        VALUES (
                            71231,
                            4
                        );

INSERT INTO HorarioLoja (
                            idLoja,
                            idHorario
                        )
                        VALUES (
                            71931,
                            3
                        );

INSERT INTO HorarioLoja (
                            idLoja,
                            idHorario
                        )
                        VALUES (
                            71931,
                            2
                        );

INSERT INTO HorarioLoja (
                            idLoja,
                            idHorario
                        )
                        VALUES (
                            71231,
                            3
                        );

INSERT INTO HorarioLoja (
                            idLoja,
                            idHorario
                        )
                        VALUES (
                            71231,
                            1
                        );

INSERT INTO HorarioLoja (
                            idLoja,
                            idHorario
                        )
                        VALUES (
                            71931,
                            8
                        );

INSERT INTO HorarioLoja (
                            idLoja,
                            idHorario
                        )
                        VALUES (
                            71931,
                            6
                        );

INSERT INTO HorarioLoja (
                            idLoja,
                            idHorario
                        )
                        VALUES (
                            71931,
                            5
                        );

INSERT INTO HorarioLoja (
                            idLoja,
                            idHorario
                        )
                        VALUES (
                            71931,
                            4
                        );

INSERT INTO HorarioLoja (
                            idLoja,
                            idHorario
                        )
                        VALUES (
                            75621,
                            7
                        );

INSERT INTO HorarioLoja (
                            idLoja,
                            idHorario
                        )
                        VALUES (
                            75621,
                            4
                        );

INSERT INTO HorarioLoja (
                            idLoja,
                            idHorario
                        )
                        VALUES (
                            75621,
                            1
                        );

INSERT INTO HorarioLoja (
                            idLoja,
                            idHorario
                        )
                        VALUES (
                            80121,
                            9
                        );

INSERT INTO HorarioLoja (
                            idLoja,
                            idHorario
                        )
                        VALUES (
                            80121,
                            7
                        );

INSERT INTO HorarioLoja (
                            idLoja,
                            idHorario
                        )
                        VALUES (
                            80121,
                            4
                        );

INSERT INTO HorarioLoja (
                            idLoja,
                            idHorario
                        )
                        VALUES (
                            80121,
                            1
                        );

INSERT INTO HorarioLoja (
                            idLoja,
                            idHorario
                        )
                        VALUES (
                            76452,
                            9
                        );

INSERT INTO HorarioLoja (
                            idLoja,
                            idHorario
                        )
                        VALUES (
                            76452,
                            7
                        );

INSERT INTO HorarioLoja (
                            idLoja,
                            idHorario
                        )
                        VALUES (
                            76452,
                            4
                        );

INSERT INTO HorarioLoja (
                            idLoja,
                            idHorario
                        )
                        VALUES (
                            76452,
                            1
                        );

INSERT INTO HorarioLoja (
                            idLoja,
                            idHorario
                        )
                        VALUES (
                            76423,
                            10
                        );

INSERT INTO HorarioLoja (
                            idLoja,
                            idHorario
                        )
                        VALUES (
                            76423,
                            7
                        );

INSERT INTO HorarioLoja (
                            idLoja,
                            idHorario
                        )
                        VALUES (
                            76423,
                            4
                        );

INSERT INTO HorarioLoja (
                            idLoja,
                            idHorario
                        )
                        VALUES (
                            76423,
                            1
                        );


-- Table: Stock
INSERT INTO Stock (
                      idLoja,
                      idFilme,
                      numExemplares
                  )
                  VALUES (
                      71231,
                      216,
                      4
                  );

INSERT INTO Stock (
                      idLoja,
                      idFilme,
                      numExemplares
                  )
                  VALUES (
                      71231,
                      213,
                      1
                  );

INSERT INTO Stock (
                      idLoja,
                      idFilme,
                      numExemplares
                  )
                  VALUES (
                      71231,
                      210,
                      4
                  );

INSERT INTO Stock (
                      idLoja,
                      idFilme,
                      numExemplares
                  )
                  VALUES (
                      71231,
                      177,
                      3
                  );

INSERT INTO Stock (
                      idLoja,
                      idFilme,
                      numExemplares
                  )
                  VALUES (
                      71231,
                      157,
                      1
                  );

INSERT INTO Stock (
                      idLoja,
                      idFilme,
                      numExemplares
                  )
                  VALUES (
                      71231,
                      156,
                      5
                  );

INSERT INTO Stock (
                      idLoja,
                      idFilme,
                      numExemplares
                  )
                  VALUES (
                      71231,
                      135,
                      10
                  );

INSERT INTO Stock (
                      idLoja,
                      idFilme,
                      numExemplares
                  )
                  VALUES (
                      71231,
                      131,
                      1
                  );

INSERT INTO Stock (
                      idLoja,
                      idFilme,
                      numExemplares
                  )
                  VALUES (
                      71231,
                      123,
                      3
                  );

INSERT INTO Stock (
                      idLoja,
                      idFilme,
                      numExemplares
                  )
                  VALUES (
                      71231,
                      122,
                      2
                  );

INSERT INTO Stock (
                      idLoja,
                      idFilme,
                      numExemplares
                  )
                  VALUES (
                      75621,
                      177,
                      4
                  );

INSERT INTO Stock (
                      idLoja,
                      idFilme,
                      numExemplares
                  )
                  VALUES (
                      75621,
                      123,
                      2
                  );

INSERT INTO Stock (
                      idLoja,
                      idFilme,
                      numExemplares
                  )
                  VALUES (
                      71931,
                      345,
                      10
                  );

INSERT INTO Stock (
                      idLoja,
                      idFilme,
                      numExemplares
                  )
                  VALUES (
                      71931,
                      312,
                      8
                  );

INSERT INTO Stock (
                      idLoja,
                      idFilme,
                      numExemplares
                  )
                  VALUES (
                      71931,
                      271,
                      4
                  );

INSERT INTO Stock (
                      idLoja,
                      idFilme,
                      numExemplares
                  )
                  VALUES (
                      71931,
                      210,
                      1
                  );

INSERT INTO Stock (
                      idLoja,
                      idFilme,
                      numExemplares
                  )
                  VALUES (
                      71931,
                      157,
                      1
                  );

INSERT INTO Stock (
                      idLoja,
                      idFilme,
                      numExemplares
                  )
                  VALUES (
                      71931,
                      123,
                      4
                  );

INSERT INTO Stock (
                      idLoja,
                      idFilme,
                      numExemplares
                  )
                  VALUES (
                      71931,
                      122,
                      3
                  );

INSERT INTO Stock (
                      idLoja,
                      idFilme,
                      numExemplares
                  )
                  VALUES (
                      75621,
                      345,
                      5
                  );

INSERT INTO Stock (
                      idLoja,
                      idFilme,
                      numExemplares
                  )
                  VALUES (
                      75621,
                      312,
                      5
                  );

INSERT INTO Stock (
                      idLoja,
                      idFilme,
                      numExemplares
                  )
                  VALUES (
                      75621,
                      210,
                      4
                  );

INSERT INTO Stock (
                      idLoja,
                      idFilme,
                      numExemplares
                  )
                  VALUES (
                      75621,
                      181,
                      2
                  );

INSERT INTO Stock (
                      idLoja,
                      idFilme,
                      numExemplares
                  )
                  VALUES (
                      75621,
                      131,
                      4
                  );

INSERT INTO Stock (
                      idLoja,
                      idFilme,
                      numExemplares
                  )
                  VALUES (
                      76423,
                      271,
                      1
                  );

INSERT INTO Stock (
                      idLoja,
                      idFilme,
                      numExemplares
                  )
                  VALUES (
                      76423,
                      216,
                      5
                  );

INSERT INTO Stock (
                      idLoja,
                      idFilme,
                      numExemplares
                  )
                  VALUES (
                      76423,
                      213,
                      4
                  );

INSERT INTO Stock (
                      idLoja,
                      idFilme,
                      numExemplares
                  )
                  VALUES (
                      76423,
                      210,
                      1
                  );

INSERT INTO Stock (
                      idLoja,
                      idFilme,
                      numExemplares
                  )
                  VALUES (
                      76423,
                      177,
                      2
                  );

INSERT INTO Stock (
                      idLoja,
                      idFilme,
                      numExemplares
                  )
                  VALUES (
                      76423,
                      135,
                      1
                  );

INSERT INTO Stock (
                      idLoja,
                      idFilme,
                      numExemplares
                  )
                  VALUES (
                      76423,
                      122,
                      3
                  );

INSERT INTO Stock (
                      idLoja,
                      idFilme,
                      numExemplares
                  )
                  VALUES (
                      76452,
                      345,
                      4
                  );

INSERT INTO Stock (
                      idLoja,
                      idFilme,
                      numExemplares
                  )
                  VALUES (
                      76452,
                      213,
                      4
                  );

INSERT INTO Stock (
                      idLoja,
                      idFilme,
                      numExemplares
                  )
                  VALUES (
                      76452,
                      181,
                      1
                  );

INSERT INTO Stock (
                      idLoja,
                      idFilme,
                      numExemplares
                  )
                  VALUES (
                      76452,
                      156,
                      5
                  );

INSERT INTO Stock (
                      idLoja,
                      idFilme,
                      numExemplares
                  )
                  VALUES (
                      76452,
                      123,
                      4
                  );

INSERT INTO Stock (
                      idLoja,
                      idFilme,
                      numExemplares
                  )
                  VALUES (
                      76452,
                      122,
                      3
                  );

INSERT INTO Stock (
                      idLoja,
                      idFilme,
                      numExemplares
                  )
                  VALUES (
                      80121,
                      345,
                      1
                  );

INSERT INTO Stock (
                      idLoja,
                      idFilme,
                      numExemplares
                  )
                  VALUES (
                      80121,
                      271,
                      6
                  );

INSERT INTO Stock (
                      idLoja,
                      idFilme,
                      numExemplares
                  )
                  VALUES (
                      80121,
                      312,
                      5
                  );

INSERT INTO Stock (
                      idLoja,
                      idFilme,
                      numExemplares
                  )
                  VALUES (
                      80121,
                      213,
                      7
                  );

INSERT INTO Stock (
                      idLoja,
                      idFilme,
                      numExemplares
                  )
                  VALUES (
                      80121,
                      210,
                      4
                  );


-- Table: Aluguer
INSERT INTO Aluguer (
                        idAluguer,
                        dataAluguer,
                        precoAluguer,
                        idLoja,
                        idCliente,
                        dataLimite,
                        dataEntrega
                    )
                    VALUES (
                        113,
                        '2018-12-10',
                        4.1,
                        76452,
                        89121,
                        '2019-02-10',
                        '2019-01-02'
                    );

INSERT INTO Aluguer (
                        idAluguer,
                        dataAluguer,
                        precoAluguer,
                        idLoja,
                        idCliente,
                        dataLimite,
                        dataEntrega
                    )
                    VALUES (
                        132,
                        '2019-05-02',
                        4.5,
                        71231,
                        80876,
                        '2019-07-02',
                        NULL
                    );

INSERT INTO Aluguer (
                        idAluguer,
                        dataAluguer,
                        precoAluguer,
                        idLoja,
                        idCliente,
                        dataLimite,
                        dataEntrega
                    )
                    VALUES (
                        142,
                        '2016-02-10',
                        12.9,
                        76423,
                        89182,
                        '2016-03-10',
                        '2016-03-07'
                    );

INSERT INTO Aluguer (
                        idAluguer,
                        dataAluguer,
                        precoAluguer,
                        idLoja,
                        idCliente,
                        dataLimite,
                        dataEntrega
                    )
                    VALUES (
                        157,
                        '2016-01-29',
                        5.2,
                        80121,
                        89182,
                        '2016-03-01',
                        '2016-02-10'
                    );

INSERT INTO Aluguer (
                        idAluguer,
                        dataAluguer,
                        precoAluguer,
                        idLoja,
                        idCliente,
                        dataLimite,
                        dataEntrega
                    )
                    VALUES (
                        164,
                        '2019-04-04',
                        7.1,
                        76423,
                        84819,
                        '2019-04-20',
                        NULL
                    );

INSERT INTO Aluguer (
                        idAluguer,
                        dataAluguer,
                        precoAluguer,
                        idLoja,
                        idCliente,
                        dataLimite,
                        dataEntrega
                    )
                    VALUES (
                        187,
                        '2019-04-23',
                        8.5,
                        71931,
                        86177,
                        '2019-05-21',
                        NULL
                    );


-- Table: AlugFilme
INSERT INTO AlugFilme (
                          idAluguer,
                          idFilme
                      )
                      VALUES (
                          132,
                          122
                      );

INSERT INTO AlugFilme (
                          idAluguer,
                          idFilme
                      )
                      VALUES (
                          142,
                          213
                      );

INSERT INTO AlugFilme (
                          idAluguer,
                          idFilme
                      )
                      VALUES (
                          142,
                          216
                      );

INSERT INTO AlugFilme (
                          idAluguer,
                          idFilme
                      )
                      VALUES (
                          142,
                          210
                      );

INSERT INTO AlugFilme (
                          idAluguer,
                          idFilme
                      )
                      VALUES (
                          157,
                          271
                      );

INSERT INTO AlugFilme (
                          idAluguer,
                          idFilme
                      )
                      VALUES (
                          164,
                          312
                      );

INSERT INTO AlugFilme (
                          idAluguer,
                          idFilme
                      )
                      VALUES (
                          164,
                          345
                      );

INSERT INTO AlugFilme (
                          idAluguer,
                          idFilme
                      )
                      VALUES (
                          187,
                          177
                      );

INSERT INTO AlugFilme (
                          idAluguer,
                          idFilme
                      )
                      VALUES (
                          187,
                          181
                      );

INSERT INTO AlugFilme (
                          idAluguer,
                          idFilme
                      )
                      VALUES (
                          113,
                          123
                      );


COMMIT TRANSACTION;
PRAGMA foreign_keys = on;
